﻿<?xml version="1.0" encoding="utf-8"?>
<FinancialDisclosure>
  <Member>
    <Prefix />
    <Last>Aaron</Last>
    <First>Richard</First>
    <Suffix />
    <FilingType>D</FilingType>
    <StateDst>MI04</StateDst>
    <Year>2025</Year>
    <FilingDate>3/24/2025</FilingDate>
    <DocID>40003749</DocID>
  </Member>
  <Member>
    <Prefix>Hon.</Prefix>
    <Last>Allen</Last>
    <First>Richard W.</First>
    <Suffix />
    <FilingType>P</FilingType>
    <StateDst>GA12</StateDst>
    <Year>2025</Year>
    <FilingDate>1/16/2025</FilingDate>
    <DocID>20026537</DocID>
  </Member>
  <Member>
    <Prefix>Hon.</Prefix>
    <Last>Allen</Last>
    <First>Richard W.</First>
    <Suffix />
    <FilingType>P</FilingType>
    <StateDst>GA12</StateDst>
    <Year>2025</Year>
    <FilingDate>2/20/2025</FilingDate>
    <DocID>20026727</DocID>
  </Member>
  <Member>
    <Prefix>Hon.</Prefix>
    <Last>Allen</Last>
    <First>Richard W.</First>
    <Suffix />
    <FilingType>P</FilingType>
    <StateDst>GA12</StateDst>
    <Year>2025</Year>
    <FilingDate>3/12/2025</FilingDate>
    <DocID>20027927</DocID>
  </Member>
  <Member>
    <Prefix>Hon.</Prefix>
    <Last>Allred</Last>
    <First>Colin</First>
    <Suffix />
    <FilingType>X</FilingType>
    <StateDst>TX32</StateDst>
    <Year>2025</Year>
    <FilingDate>1/31/2025</FilingDate>
    <DocID>30022490</DocID>
  </Member>
  <Member>
    <Prefix />
    <Last>Anzoli</Last>
    <First>Armando Luciano</First>
    <Suffix />
    <FilingType>C</FilingType>
    <StateDst>RI02</StateDst>
    <Year>2025</Year>
    <FilingDate>2/5/2025</FilingDate>
    <DocID>10063361</DocID>
  </Member>
  <Member>
    <Prefix />
    <Last>Arellano</Last>
    <First>Julian</First>
    <Suffix />
    <FilingType>C</FilingType>
    <StateDst>CA49</StateDst>
    <Year>2025</Year>
    <FilingDate>3/4/2025</FilingDate>
    <DocID>10063461</DocID>
  </Member>
  <Member>
    <Prefix>Hon.</Prefix>
    <Last>Auchincloss</Last>
    <First>Jake</First>
    <Suffix />
    <FilingType>P</FilingType>
    <StateDst>MA04</StateDst>
    <Year>2025</Year>
    <FilingDate>2/21/2025</FilingDate>
    <DocID>20027810</DocID>
  </Member>
  <Member>
    <Prefix>Hon.</Prefix>
    <Last>Banks</Last>
    <First>James E Hon</First>
    <Suffix />
    <FilingType>E</FilingType>
    <StateDst>IN03</StateDst>
    <Year>2025</Year>
    <FilingDate>1/7/2025</FilingDate>
    <DocID>8220720</DocID>
  </Member>
  <Member>
    <Prefix />
    <Last>Bennett</Last>
    <First>Rebecca</First>
    <Suffix />
    <FilingType>X</FilingType>
    <StateDst>NJ07</StateDst>
    <Year>2025</Year>
    <FilingDate>3/10/2025</FilingDate>
    <DocID>8220784</DocID>
  </Member>
  <Member>
    <Prefix>Hon.</Prefix>
    <Last>Beyer</Last>
    <First>Donald Sternoff</First>
    <Suffix>Jr</Suffix>
    <FilingType>P</FilingType>
    <StateDst>VA08</StateDst>
    <Year>2025</Year>
    <FilingDate>1/6/2025</FilingDate>
    <DocID>20026517</DocID>
  </Member>
  <Member>
    <Prefix>Hon.</Prefix>
    <Last>Beyer</Last>
    <First>Donald Sternoff</First>
    <Suffix>Jr</Suffix>
    <FilingType>P</FilingType>
    <StateDst>VA08</StateDst>
    <Year>2025</Year>
    <FilingDate>3/8/2025</FilingDate>
    <DocID>20027932</DocID>
  </Member>
  <Member>
    <Prefix>Hon.</Prefix>
    <Last>Bilirakis</Last>
    <First>Gus M.</First>
    <Suffix />
    <FilingType>P</FilingType>
    <StateDst>FL12</StateDst>
    <Year>2025</Year>
    <FilingDate>2/6/2025</FilingDate>
    <DocID>8220747</DocID>
  </Member>
  <Member>
    <Prefix>Hon.</Prefix>
    <Last>Bishop</Last>
    <First>Dan Daniel</First>
    <Suffix />
    <FilingType>T</FilingType>
    <StateDst>NC08</StateDst>
    <Year>2025</Year>
    <FilingDate>1/17/2025</FilingDate>
    <DocID>10063263</DocID>
  </Member>
  <Member>
    <Prefix />
    <Last>Blalock</Last>
    <First>Clarence</First>
    <Suffix />
    <FilingType>C</FilingType>
    <StateDst>GA14</StateDst>
    <Year>2025</Year>
    <FilingDate>2/28/2025</FilingDate>
    <DocID>10063440</DocID>
  </Member>
  <Member>
    <Prefix>Hon.</Prefix>
    <Last>Blumenauer</Last>
    <First>Earl</First>
    <Suffix />
    <FilingType>T</FilingType>
    <StateDst>OR03</StateDst>
    <Year>2025</Year>
    <FilingDate>1/29/2025</FilingDate>
    <DocID>10063241</DocID>
  </Member>
  <Member>
    <Prefix>Hon.</Prefix>
    <Last>Blunt Rochester</Last>
    <First>Lisa</First>
    <Suffix />
    <FilingType>E</FilingType>
    <StateDst>DE00</StateDst>
    <Year>2025</Year>
    <FilingDate>1/21/2025</FilingDate>
    <DocID>8220725</DocID>
  </Member>
  <Member>
    <Prefix>Hon.</Prefix>
    <Last>Bresnahan</Last>
    <First>Rob</First>
    <Suffix />
    <FilingType>G</FilingType>
    <StateDst>PA08</StateDst>
    <Year>2025</Year>
    <FilingDate>4/14/2025</FilingDate>
    <DocID>8220832</DocID>
  </Member>
  <Member>
    <Prefix>Hon.</Prefix>
    <Last>Bresnahan</Last>
    <First>Rob</First>
    <Suffix />
    <FilingType>P</FilingType>
    <StateDst>PA08</StateDst>
    <Year>2025</Year>
    <FilingDate>2/13/2025</FilingDate>
    <DocID>20024346</DocID>
  </Member>
  <Member>
    <Prefix>Hon.</Prefix>
    <Last>Bresnahan</Last>
    <First>Rob</First>
    <Suffix />
    <FilingType>P</FilingType>
    <StateDst>PA08</StateDst>
    <Year>2025</Year>
    <FilingDate>3/7/2025</FilingDate>
    <DocID>20027923</DocID>
  </Member>
  <Member>
    <Prefix>Hon.</Prefix>
    <Last>Bresnahan</Last>
    <First>Rob</First>
    <Suffix />
    <FilingType>P</FilingType>
    <StateDst>PA08</StateDst>
    <Year>2025</Year>
    <FilingDate>3/10/2025</FilingDate>
    <DocID>20027940</DocID>
  </Member>
  <Member>
    <Prefix>Hon.</Prefix>
    <Last>Bresnahan</Last>
    <First>Rob</First>
    <Suffix />
    <FilingType>P</FilingType>
    <StateDst>PA08</StateDst>
    <Year>2025</Year>
    <FilingDate>3/27/2025</FilingDate>
    <DocID>20029034</DocID>
  </Member>
  <Member>
    <Prefix>Hon.</Prefix>
    <Last>Bresnahan</Last>
    <First>Rob</First>
    <Suffix />
    <FilingType>P</FilingType>
    <StateDst>PA08</StateDst>
    <Year>2025</Year>
    <FilingDate>4/9/2025</FilingDate>
    <DocID>20029055</DocID>
  </Member>
  <Member>
    <Prefix />
    <Last>Bucshon</Last>
    <First>Larry D.</First>
    <Suffix />
    <FilingType>T</FilingType>
    <StateDst>IN08</StateDst>
    <Year>2025</Year>
    <FilingDate>2/28/2025</FilingDate>
    <DocID>10063365</DocID>
  </Member>
  <Member>
    <Prefix>Hon.</Prefix>
    <Last>Burgess</Last>
    <First>Michael C.</First>
    <Suffix />
    <FilingType>T</FilingType>
    <StateDst>TX26</StateDst>
    <Year>2025</Year>
    <FilingDate>2/2/2025</FilingDate>
    <DocID>10063293</DocID>
  </Member>
  <Member>
    <Prefix>Hon.</Prefix>
    <Last>Caraveo</Last>
    <First>Yadira</First>
    <Suffix />
    <FilingType>X</FilingType>
    <StateDst>CO08</StateDst>
    <Year>2025</Year>
    <FilingDate>1/13/2025</FilingDate>
    <DocID>30022470</DocID>
  </Member>
  <Member>
    <Prefix>Hon.</Prefix>
    <Last>Cárdenas</Last>
    <First>Tony</First>
    <Suffix />
    <FilingType>T</FilingType>
    <StateDst>CA29</StateDst>
    <Year>2025</Year>
    <FilingDate>1/31/2025</FilingDate>
    <DocID>10063335</DocID>
  </Member>
  <Member>
    <Prefix>Hon.</Prefix>
    <Last>Carl</Last>
    <First>Jerry Lee</First>
    <Suffix />
    <FilingType>T</FilingType>
    <StateDst>AL01</StateDst>
    <Year>2025</Year>
    <FilingDate>1/31/2025</FilingDate>
    <DocID>10063337</DocID>
  </Member>
  <Member>
    <Prefix>Hon.</Prefix>
    <Last>Carter</Last>
    <First>Earl Leroy</First>
    <Suffix />
    <FilingType>P</FilingType>
    <StateDst>GA01</StateDst>
    <Year>2025</Year>
    <FilingDate>3/6/2025</FilingDate>
    <DocID>20027913</DocID>
  </Member>
  <Member>
    <Prefix />
    <Last>Cartwright</Last>
    <First>Jasen D.</First>
    <Suffix />
    <FilingType>C</FilingType>
    <StateDst>MI09</StateDst>
    <Year>2025</Year>
    <FilingDate>3/9/2025</FilingDate>
    <DocID>10063490</DocID>
  </Member>
  <Member>
    <Prefix />
    <Last>Cartwright</Last>
    <First>Jasen D.</First>
    <Suffix />
    <FilingType>X</FilingType>
    <StateDst>MI09</StateDst>
    <Year>2025</Year>
    <FilingDate>3/19/2025</FilingDate>
    <DocID>30022512</DocID>
  </Member>
  <Member>
    <Prefix>Hon.</Prefix>
    <Last>Cartwright</Last>
    <First>Matt</First>
    <Suffix />
    <FilingType>X</FilingType>
    <StateDst>PA08</StateDst>
    <Year>2025</Year>
    <FilingDate>1/20/2025</FilingDate>
    <DocID>30022476</DocID>
  </Member>
  <Member>
    <Prefix />
    <Last>Chakrabarti</Last>
    <First>Saikat</First>
    <Suffix />
    <FilingType>X</FilingType>
    <StateDst>CA11</StateDst>
    <Year>2025</Year>
    <FilingDate>3/24/2025</FilingDate>
    <DocID>30022517</DocID>
  </Member>
  <Member>
    <Prefix />
    <Last>Christian</Last>
    <First>Jerrad Shane</First>
    <Suffix />
    <FilingType>C</FilingType>
    <StateDst>OH12</StateDst>
    <Year>2025</Year>
    <FilingDate>1/9/2025</FilingDate>
    <DocID>10063243</DocID>
  </Member>
  <Member>
    <Prefix>Hon.</Prefix>
    <Last>Cisneros</Last>
    <First>Gilbert</First>
    <Suffix />
    <FilingType>P</FilingType>
    <StateDst>CA31</StateDst>
    <Year>2025</Year>
    <FilingDate>2/11/2025</FilingDate>
    <DocID>20026726</DocID>
  </Member>
  <Member>
    <Prefix>Hon.</Prefix>
    <Last>Cisneros</Last>
    <First>Gilbert</First>
    <Suffix />
    <FilingType>P</FilingType>
    <StateDst>CA31</StateDst>
    <Year>2025</Year>
    <FilingDate>3/6/2025</FilingDate>
    <DocID>20027891</DocID>
  </Member>
  <Member>
    <Prefix>Hon.</Prefix>
    <Last>Cisneros</Last>
    <First>Gilbert</First>
    <Suffix />
    <FilingType>P</FilingType>
    <StateDst>CA31</StateDst>
    <Year>2025</Year>
    <FilingDate>4/7/2025</FilingDate>
    <DocID>20029026</DocID>
  </Member>
  <Member>
    <Prefix>Hon.</Prefix>
    <Last>Cisneros</Last>
    <First>Gilbert</First>
    <Suffix />
    <FilingType>X</FilingType>
    <StateDst>CA31</StateDst>
    <Year>2025</Year>
    <FilingDate>4/16/2025</FilingDate>
    <DocID>30022697</DocID>
  </Member>
  <Member>
    <Prefix>Hon.</Prefix>
    <Last>Cohen</Last>
    <First>Steve</First>
    <Suffix />
    <FilingType>P</FilingType>
    <StateDst>TN09</StateDst>
    <Year>2025</Year>
    <FilingDate>1/10/2025</FilingDate>
    <DocID>20026548</DocID>
  </Member>
  <Member>
    <Prefix>Hon.</Prefix>
    <Last>Cohen</Last>
    <First>Steve</First>
    <Suffix />
    <FilingType>P</FilingType>
    <StateDst>TN09</StateDst>
    <Year>2025</Year>
    <FilingDate>4/1/2025</FilingDate>
    <DocID>20028025</DocID>
  </Member>
  <Member>
    <Prefix />
    <Last>Colin</Last>
    <First>Loren</First>
    <Suffix />
    <FilingType>D</FilingType>
    <StateDst>CA34</StateDst>
    <Year>2025</Year>
    <FilingDate>3/3/2025</FilingDate>
    <DocID>40003720</DocID>
  </Member>
  <Member>
    <Prefix>Hon.</Prefix>
    <Last>Collins</Last>
    <First>Michael A.</First>
    <Suffix />
    <FilingType>P</FilingType>
    <StateDst>GA10</StateDst>
    <Year>2025</Year>
    <FilingDate>1/1/2025</FilingDate>
    <DocID>20026489</DocID>
  </Member>
  <Member>
    <Prefix>Hon.</Prefix>
    <Last>Collins</Last>
    <First>Michael A.</First>
    <Suffix>Jr</Suffix>
    <FilingType>P</FilingType>
    <StateDst>GA10</StateDst>
    <Year>2025</Year>
    <FilingDate>2/2/2025</FilingDate>
    <DocID>20026696</DocID>
  </Member>
  <Member>
    <Prefix>Hon.</Prefix>
    <Last>Collins</Last>
    <First>Michael A.</First>
    <Suffix>Jr</Suffix>
    <FilingType>P</FilingType>
    <StateDst>GA10</StateDst>
    <Year>2025</Year>
    <FilingDate>2/21/2025</FilingDate>
    <DocID>20027820</DocID>
  </Member>
  <Member>
    <Prefix>Hon.</Prefix>
    <Last>Collins</Last>
    <First>Michael A.</First>
    <Suffix>Jr</Suffix>
    <FilingType>P</FilingType>
    <StateDst>GA10</StateDst>
    <Year>2025</Year>
    <FilingDate>3/12/2025</FilingDate>
    <DocID>20027962</DocID>
  </Member>
  <Member>
    <Prefix>Hon.</Prefix>
    <Last>Collins</Last>
    <First>Michael A.</First>
    <Suffix>Jr</Suffix>
    <FilingType>P</FilingType>
    <StateDst>GA10</StateDst>
    <Year>2025</Year>
    <FilingDate>4/11/2025</FilingDate>
    <DocID>20029130</DocID>
  </Member>
  <Member>
    <Prefix>Hon.</Prefix>
    <Last>Comer</Last>
    <First>James</First>
    <Suffix />
    <FilingType>P</FilingType>
    <StateDst>KY01</StateDst>
    <Year>2025</Year>
    <FilingDate>1/10/2025</FilingDate>
    <DocID>20018054</DocID>
  </Member>
  <Member>
    <Prefix>Hon.</Prefix>
    <Last>Comer</Last>
    <First>James</First>
    <Suffix />
    <FilingType>P</FilingType>
    <StateDst>KY01</StateDst>
    <Year>2025</Year>
    <FilingDate>2/11/2025</FilingDate>
    <DocID>20026750</DocID>
  </Member>
  <Member>
    <Prefix />
    <Last>Compton</Last>
    <First>William Dakota</First>
    <Suffix />
    <FilingType>C</FilingType>
    <StateDst>KY02</StateDst>
    <Year>2025</Year>
    <FilingDate>2/19/2025</FilingDate>
    <DocID>10063398</DocID>
  </Member>
  <Member>
    <Prefix>Hon.</Prefix>
    <Last>Connolly</Last>
    <First>Gerald E.</First>
    <Suffix />
    <FilingType>P</FilingType>
    <StateDst>VA11</StateDst>
    <Year>2025</Year>
    <FilingDate>2/6/2025</FilingDate>
    <DocID>20026724</DocID>
  </Member>
  <Member>
    <Prefix />
    <Last>Cooke</Last>
    <First>Rebecca</First>
    <Suffix />
    <FilingType>C</FilingType>
    <StateDst>WI03</StateDst>
    <Year>2025</Year>
    <FilingDate>3/27/2025</FilingDate>
    <DocID>10063539</DocID>
  </Member>
  <Member>
    <Prefix>Hon.</Prefix>
    <Last>Crank</Last>
    <First>Jeffrey</First>
    <Suffix />
    <FilingType>G</FilingType>
    <StateDst>CO05</StateDst>
    <Year>2025</Year>
    <FilingDate>4/2/2025</FilingDate>
    <DocID>8220822</DocID>
  </Member>
  <Member>
    <Prefix />
    <Last>Croisant</Last>
    <First>John Thomas</First>
    <Suffix />
    <FilingType>A</FilingType>
    <StateDst>OK01</StateDst>
    <Year>2025</Year>
    <FilingDate>3/13/2025</FilingDate>
    <DocID>10063536</DocID>
  </Member>
  <Member>
    <Prefix />
    <Last>Croisant</Last>
    <First>John Thomas</First>
    <Suffix />
    <FilingType>C</FilingType>
    <StateDst>OK01</StateDst>
    <Year>2025</Year>
    <FilingDate>3/10/2025</FilingDate>
    <DocID>10063329</DocID>
  </Member>
  <Member>
    <Prefix />
    <Last>Croisant</Last>
    <First>John Thomas</First>
    <Suffix />
    <FilingType>D</FilingType>
    <StateDst>OK01</StateDst>
    <Year>2025</Year>
    <FilingDate>3/3/2025</FilingDate>
    <DocID>40003719</DocID>
  </Member>
  <Member>
    <Prefix>Hon.</Prefix>
    <Last>Curtis</Last>
    <First>John</First>
    <Suffix />
    <FilingType>E</FilingType>
    <StateDst>UT03</StateDst>
    <Year>2025</Year>
    <FilingDate>1/17/2025</FilingDate>
    <DocID>40003709</DocID>
  </Member>
  <Member>
    <Prefix />
    <Last>Davis</Last>
    <First>Chance</First>
    <Suffix />
    <FilingType>C</FilingType>
    <StateDst>TX18</StateDst>
    <Year>2025</Year>
    <FilingDate>3/21/2025</FilingDate>
    <DocID>10063579</DocID>
  </Member>
  <Member>
    <Prefix />
    <Last>Davis</Last>
    <First>Chance</First>
    <Suffix />
    <FilingType>D</FilingType>
    <StateDst>TX18</StateDst>
    <Year>2025</Year>
    <FilingDate>4/3/2025</FilingDate>
    <DocID>8220833</DocID>
  </Member>
  <Member>
    <Prefix>Hon.</Prefix>
    <Last>Delaney</Last>
    <First>April McClain</First>
    <Suffix />
    <FilingType>P</FilingType>
    <StateDst>MD06</StateDst>
    <Year>2025</Year>
    <FilingDate>3/20/2025</FilingDate>
    <DocID>20027975</DocID>
  </Member>
  <Member>
    <Prefix>Hon.</Prefix>
    <Last>Delaney</Last>
    <First>April McClain</First>
    <Suffix />
    <FilingType>P</FilingType>
    <StateDst>MD06</StateDst>
    <Year>2025</Year>
    <FilingDate>4/2/2025</FilingDate>
    <DocID>20029059</DocID>
  </Member>
  <Member>
    <Prefix>Hon.</Prefix>
    <Last>DelBene</Last>
    <First>Suzan K.</First>
    <Suffix />
    <FilingType>P</FilingType>
    <StateDst>WA01</StateDst>
    <Year>2025</Year>
    <FilingDate>2/9/2025</FilingDate>
    <DocID>20026602</DocID>
  </Member>
  <Member>
    <Prefix>Hon.</Prefix>
    <Last>DelBene</Last>
    <First>Suzan K.</First>
    <Suffix />
    <FilingType>P</FilingType>
    <StateDst>WA01</StateDst>
    <Year>2025</Year>
    <FilingDate>2/25/2025</FilingDate>
    <DocID>20027807</DocID>
  </Member>
  <Member>
    <Prefix>Hon.</Prefix>
    <Last>DelBene</Last>
    <First>Suzan K.</First>
    <Suffix />
    <FilingType>P</FilingType>
    <StateDst>WA01</StateDst>
    <Year>2025</Year>
    <FilingDate>3/26/2025</FilingDate>
    <DocID>20027999</DocID>
  </Member>
  <Member>
    <Prefix>Hon.</Prefix>
    <Last>DelBene</Last>
    <First>Suzan K.</First>
    <Suffix />
    <FilingType>P</FilingType>
    <StateDst>WA01</StateDst>
    <Year>2025</Year>
    <FilingDate>4/10/2025</FilingDate>
    <DocID>20029070</DocID>
  </Member>
  <Member>
    <Prefix />
    <Last>Desmond</Last>
    <First>Jim</First>
    <Suffix />
    <FilingType>C</FilingType>
    <StateDst>CA49</StateDst>
    <Year>2025</Year>
    <FilingDate>2/3/2025</FilingDate>
    <DocID>10063358</DocID>
  </Member>
  <Member>
    <Prefix>Hon.</Prefix>
    <Last>D'Esposito</Last>
    <First>Anthony P.</First>
    <Suffix />
    <FilingType>T</FilingType>
    <StateDst>NY04</StateDst>
    <Year>2025</Year>
    <FilingDate>1/28/2025</FilingDate>
    <DocID>10063320</DocID>
  </Member>
  <Member>
    <Prefix>Hon.</Prefix>
    <Last>Dingell</Last>
    <First>Debbie</First>
    <Suffix />
    <FilingType>P</FilingType>
    <StateDst>MI06</StateDst>
    <Year>2025</Year>
    <FilingDate>1/27/2025</FilingDate>
    <DocID>20026647</DocID>
  </Member>
  <Member>
    <Prefix>Hon.</Prefix>
    <Last>Dingell</Last>
    <First>Debbie</First>
    <Suffix />
    <FilingType>P</FilingType>
    <StateDst>MI06</StateDst>
    <Year>2025</Year>
    <FilingDate>4/2/2025</FilingDate>
    <DocID>20029053</DocID>
  </Member>
  <Member>
    <Prefix>Hon.</Prefix>
    <Last>Doggett</Last>
    <First>Lloyd</First>
    <Suffix />
    <FilingType>P</FilingType>
    <StateDst>TX37</StateDst>
    <Year>2025</Year>
    <FilingDate>1/8/2025</FilingDate>
    <DocID>20026535</DocID>
  </Member>
  <Member>
    <Prefix>Hon.</Prefix>
    <Last>Doggett</Last>
    <First>Lloyd</First>
    <Suffix />
    <FilingType>P</FilingType>
    <StateDst>TX37</StateDst>
    <Year>2025</Year>
    <FilingDate>3/10/2025</FilingDate>
    <DocID>20027935</DocID>
  </Member>
  <Member>
    <Prefix>Hon.</Prefix>
    <Last>Doggett</Last>
    <First>Lloyd</First>
    <Suffix />
    <FilingType>P</FilingType>
    <StateDst>TX37</StateDst>
    <Year>2025</Year>
    <FilingDate>4/7/2025</FilingDate>
    <DocID>20029088</DocID>
  </Member>
  <Member>
    <Prefix>Hon.</Prefix>
    <Last>Donalds</Last>
    <First>Byron</First>
    <Suffix />
    <FilingType>P</FilingType>
    <StateDst>FL19</StateDst>
    <Year>2025</Year>
    <FilingDate>2/10/2025</FilingDate>
    <DocID>20026712</DocID>
  </Member>
  <Member>
    <Prefix>Hon.</Prefix>
    <Last>Donalds</Last>
    <First>Byron</First>
    <Suffix />
    <FilingType>P</FilingType>
    <StateDst>FL19</StateDst>
    <Year>2025</Year>
    <FilingDate>3/25/2025</FilingDate>
    <DocID>20027903</DocID>
  </Member>
  <Member>
    <Prefix>Hon.</Prefix>
    <Last>Donalds</Last>
    <First>Byron</First>
    <Suffix />
    <FilingType>P</FilingType>
    <StateDst>FL19</StateDst>
    <Year>2025</Year>
    <FilingDate>4/14/2025</FilingDate>
    <DocID>20029092</DocID>
  </Member>
  <Member>
    <Prefix>Hon.</Prefix>
    <Last>Duncan</Last>
    <First>Jeff</First>
    <Suffix />
    <FilingType>T</FilingType>
    <StateDst>SC03</StateDst>
    <Year>2025</Year>
    <FilingDate>1/22/2025</FilingDate>
    <DocID>10063270</DocID>
  </Member>
  <Member>
    <Prefix>Hon.</Prefix>
    <Last>Dunn</Last>
    <First>Neal Patrick MD, Facs</First>
    <Suffix />
    <FilingType>P</FilingType>
    <StateDst>FL02</StateDst>
    <Year>2025</Year>
    <FilingDate>3/10/2025</FilingDate>
    <DocID>20027895</DocID>
  </Member>
  <Member>
    <Prefix>Hon.</Prefix>
    <Last>Dunn</Last>
    <First>Neal Patrick MD, Facs</First>
    <Suffix />
    <FilingType>P</FilingType>
    <StateDst>FL02</StateDst>
    <Year>2025</Year>
    <FilingDate>4/3/2025</FilingDate>
    <DocID>20029068</DocID>
  </Member>
  <Member>
    <Prefix>Hon.</Prefix>
    <Last>Eshoo</Last>
    <First>Anna G.</First>
    <Suffix />
    <FilingType>T</FilingType>
    <StateDst>CA16</StateDst>
    <Year>2025</Year>
    <FilingDate>1/28/2025</FilingDate>
    <DocID>8220728</DocID>
  </Member>
  <Member>
    <Prefix>Hon.</Prefix>
    <Last>Evans</Last>
    <First>Dwight</First>
    <Suffix />
    <FilingType>P</FilingType>
    <StateDst>PA03</StateDst>
    <Year>2025</Year>
    <FilingDate>4/2/2025</FilingDate>
    <DocID>20029062</DocID>
  </Member>
  <Member>
    <Prefix>Hon.</Prefix>
    <Last>Evans</Last>
    <First>Dwight</First>
    <Suffix />
    <FilingType>P</FilingType>
    <StateDst>PA03</StateDst>
    <Year>2025</Year>
    <FilingDate>4/17/2025</FilingDate>
    <DocID>20030179</DocID>
  </Member>
  <Member>
    <Prefix />
    <Last>Farnham</Last>
    <First>Elizabeth Rhoads</First>
    <Suffix />
    <FilingType>C</FilingType>
    <StateDst>PA13</StateDst>
    <Year>2025</Year>
    <FilingDate>2/15/2025</FilingDate>
    <DocID>10063389</DocID>
  </Member>
  <Member>
    <Prefix>Hon.</Prefix>
    <Last>Ferguson</Last>
    <First>Anderson Drew</First>
    <Suffix>IV</Suffix>
    <FilingType>T</FilingType>
    <StateDst>GA03</StateDst>
    <Year>2025</Year>
    <FilingDate>1/29/2025</FilingDate>
    <DocID>10063324</DocID>
  </Member>
  <Member>
    <Prefix />
    <Last>Ferreira</Last>
    <First>Lindsey Marie</First>
    <Suffix />
    <FilingType>C</FilingType>
    <StateDst>OH01</StateDst>
    <Year>2025</Year>
    <FilingDate>4/17/2025</FilingDate>
    <DocID>10066237</DocID>
  </Member>
  <Member>
    <Prefix />
    <Last>Fields</Last>
    <First>Cleo</First>
    <Suffix />
    <FilingType>P</FilingType>
    <StateDst>LA06</StateDst>
    <Year>2025</Year>
    <FilingDate>3/14/2025</FilingDate>
    <DocID>20027855</DocID>
  </Member>
  <Member>
    <Prefix>Hon.</Prefix>
    <Last>Fleischmann</Last>
    <First>Charles J. "Chuck"</First>
    <Suffix />
    <FilingType>P</FilingType>
    <StateDst>TN03</StateDst>
    <Year>2025</Year>
    <FilingDate>2/10/2025</FilingDate>
    <DocID>8220753</DocID>
  </Member>
  <Member>
    <Prefix>Hon.</Prefix>
    <Last>Fong</Last>
    <First>Vince</First>
    <Suffix />
    <FilingType>G</FilingType>
    <StateDst>CA20</StateDst>
    <Year>2025</Year>
    <FilingDate>3/10/2025</FilingDate>
    <DocID>8220794</DocID>
  </Member>
  <Member>
    <Prefix />
    <Last>Fontaine</Last>
    <First>Shohreh Y.</First>
    <Suffix />
    <FilingType>D</FilingType>
    <StateDst>FL06</StateDst>
    <Year>2025</Year>
    <FilingDate>1/29/2025</FilingDate>
    <DocID>40003715</DocID>
  </Member>
  <Member>
    <Prefix />
    <Last>Forgie</Last>
    <First>Adam Robert</First>
    <Suffix />
    <FilingType>C</FilingType>
    <StateDst>PA12</StateDst>
    <Year>2025</Year>
    <FilingDate>3/5/2025</FilingDate>
    <DocID>10063470</DocID>
  </Member>
  <Member>
    <Prefix>Hon.</Prefix>
    <Last>Foxx</Last>
    <First>Virginia</First>
    <Suffix />
    <FilingType>P</FilingType>
    <StateDst>NC05</StateDst>
    <Year>2025</Year>
    <FilingDate>1/6/2025</FilingDate>
    <DocID>20026516</DocID>
  </Member>
  <Member>
    <Prefix>Hon.</Prefix>
    <Last>Foxx</Last>
    <First>Virginia</First>
    <Suffix />
    <FilingType>P</FilingType>
    <StateDst>NC05</StateDst>
    <Year>2025</Year>
    <FilingDate>3/3/2025</FilingDate>
    <DocID>20027876</DocID>
  </Member>
  <Member>
    <Prefix>Hon.</Prefix>
    <Last>Foxx</Last>
    <First>Virginia</First>
    <Suffix />
    <FilingType>P</FilingType>
    <StateDst>NC05</StateDst>
    <Year>2025</Year>
    <FilingDate>4/4/2025</FilingDate>
    <DocID>20029061</DocID>
  </Member>
  <Member>
    <Prefix>Hon.</Prefix>
    <Last>Franklin</Last>
    <First>Scott Scott</First>
    <Suffix />
    <FilingType>P</FilingType>
    <StateDst>FL18</StateDst>
    <Year>2025</Year>
    <FilingDate>2/23/2025</FilingDate>
    <DocID>20027834</DocID>
  </Member>
  <Member>
    <Prefix>Hon.</Prefix>
    <Last>Franklin</Last>
    <First>Scott Scott</First>
    <Suffix />
    <FilingType>P</FilingType>
    <StateDst>FL18</StateDst>
    <Year>2025</Year>
    <FilingDate>3/18/2025</FilingDate>
    <DocID>20027995</DocID>
  </Member>
  <Member>
    <Prefix>Hon.</Prefix>
    <Last>Franklin</Last>
    <First>Scott Scott</First>
    <Suffix />
    <FilingType>P</FilingType>
    <StateDst>FL18</StateDst>
    <Year>2025</Year>
    <FilingDate>4/11/2025</FilingDate>
    <DocID>20029132</DocID>
  </Member>
  <Member>
    <Prefix>Hon.</Prefix>
    <Last>Franklin</Last>
    <First>Scott Scott</First>
    <Suffix />
    <FilingType>P</FilingType>
    <StateDst>FL18</StateDst>
    <Year>2025</Year>
    <FilingDate>4/17/2025</FilingDate>
    <DocID>20030187</DocID>
  </Member>
  <Member>
    <Prefix>Hon.</Prefix>
    <Last>Garcia</Last>
    <First>Michael</First>
    <Suffix />
    <FilingType>T</FilingType>
    <StateDst>CA27</StateDst>
    <Year>2025</Year>
    <FilingDate>1/8/2025</FilingDate>
    <DocID>10063229</DocID>
  </Member>
  <Member>
    <Prefix>Mr.</Prefix>
    <Last>Garza</Last>
    <First>Mauro Everett</First>
    <Suffix />
    <FilingType>C</FilingType>
    <StateDst>TX34</StateDst>
    <Year>2025</Year>
    <FilingDate>2/21/2025</FilingDate>
    <DocID>10063422</DocID>
  </Member>
  <Member>
    <Prefix>Hon.</Prefix>
    <Last>Goldman</Last>
    <First>Daniel</First>
    <Suffix />
    <FilingType>P</FilingType>
    <StateDst>NY10</StateDst>
    <Year>2025</Year>
    <FilingDate>3/28/2025</FilingDate>
    <DocID>20027916</DocID>
  </Member>
  <Member>
    <Prefix>Hon.</Prefix>
    <Last>Gonzalez</Last>
    <First>Vicente</First>
    <Suffix />
    <FilingType>P</FilingType>
    <StateDst>TX34</StateDst>
    <Year>2025</Year>
    <FilingDate>3/13/2025</FilingDate>
    <DocID>8220796</DocID>
  </Member>
  <Member>
    <Prefix>Hon.</Prefix>
    <Last>Gonzalez</Last>
    <First>Vicente</First>
    <Suffix />
    <FilingType>P</FilingType>
    <StateDst>TX34</StateDst>
    <Year>2025</Year>
    <FilingDate>3/31/2025</FilingDate>
    <DocID>8220809</DocID>
  </Member>
  <Member>
    <Prefix>Hon.</Prefix>
    <Last>Gonzalez Colon</Last>
    <First>Jenniffer</First>
    <Suffix />
    <FilingType>X</FilingType>
    <StateDst>PR00</StateDst>
    <Year>2025</Year>
    <FilingDate>1/31/2025</FilingDate>
    <DocID>30022492</DocID>
  </Member>
  <Member>
    <Prefix>Hon.</Prefix>
    <Last>Good</Last>
    <First>Robert G.</First>
    <Suffix />
    <FilingType>X</FilingType>
    <StateDst>VA05</StateDst>
    <Year>2025</Year>
    <FilingDate>1/29/2025</FilingDate>
    <DocID>30022486</DocID>
  </Member>
  <Member>
    <Prefix>Hon.</Prefix>
    <Last>Gottheimer</Last>
    <First>Josh</First>
    <Suffix />
    <FilingType>P</FilingType>
    <StateDst>NJ05</StateDst>
    <Year>2025</Year>
    <FilingDate>1/14/2025</FilingDate>
    <DocID>20026533</DocID>
  </Member>
  <Member>
    <Prefix>Hon.</Prefix>
    <Last>Gottheimer</Last>
    <First>Josh</First>
    <Suffix />
    <FilingType>P</FilingType>
    <StateDst>NJ05</StateDst>
    <Year>2025</Year>
    <FilingDate>2/10/2025</FilingDate>
    <DocID>20026732</DocID>
  </Member>
  <Member>
    <Prefix>Hon.</Prefix>
    <Last>Gottheimer</Last>
    <First>Josh</First>
    <Suffix />
    <FilingType>P</FilingType>
    <StateDst>NJ05</StateDst>
    <Year>2025</Year>
    <FilingDate>3/6/2025</FilingDate>
    <DocID>20027901</DocID>
  </Member>
  <Member>
    <Prefix>Hon.</Prefix>
    <Last>Gottheimer</Last>
    <First>Josh</First>
    <Suffix />
    <FilingType>P</FilingType>
    <StateDst>NJ05</StateDst>
    <Year>2025</Year>
    <FilingDate>4/10/2025</FilingDate>
    <DocID>20029083</DocID>
  </Member>
  <Member>
    <Prefix>Hon.</Prefix>
    <Last>Graves</Last>
    <First>Garret</First>
    <Suffix />
    <FilingType>T</FilingType>
    <StateDst>LA06</StateDst>
    <Year>2025</Year>
    <FilingDate>2/8/2025</FilingDate>
    <DocID>10063371</DocID>
  </Member>
  <Member>
    <Prefix>Hon.</Prefix>
    <Last>Green</Last>
    <First>Mark Dr</First>
    <Suffix />
    <FilingType>P</FilingType>
    <StateDst>TN07</StateDst>
    <Year>2025</Year>
    <FilingDate>1/13/2025</FilingDate>
    <DocID>20026538</DocID>
  </Member>
  <Member>
    <Prefix>Hon.</Prefix>
    <Last>Green</Last>
    <First>Mark Dr</First>
    <Suffix />
    <FilingType>P</FilingType>
    <StateDst>TN07</StateDst>
    <Year>2025</Year>
    <FilingDate>2/6/2025</FilingDate>
    <DocID>20026701</DocID>
  </Member>
  <Member>
    <Prefix>Hon.</Prefix>
    <Last>Green</Last>
    <First>Mark Dr</First>
    <Suffix />
    <FilingType>P</FilingType>
    <StateDst>TN07</StateDst>
    <Year>2025</Year>
    <FilingDate>2/28/2025</FilingDate>
    <DocID>20027845</DocID>
  </Member>
  <Member>
    <Prefix>Hon.</Prefix>
    <Last>Green</Last>
    <First>Mark Dr</First>
    <Suffix />
    <FilingType>P</FilingType>
    <StateDst>TN07</StateDst>
    <Year>2025</Year>
    <FilingDate>3/5/2025</FilingDate>
    <DocID>20027900</DocID>
  </Member>
  <Member>
    <Prefix>Hon.</Prefix>
    <Last>Green</Last>
    <First>Mark Dr</First>
    <Suffix />
    <FilingType>P</FilingType>
    <StateDst>TN07</StateDst>
    <Year>2025</Year>
    <FilingDate>4/8/2025</FilingDate>
    <DocID>20029097</DocID>
  </Member>
  <Member>
    <Prefix />
    <Last>Greene</Last>
    <First>Clifford Mark</First>
    <Suffix />
    <FilingType>D</FilingType>
    <StateDst>WA09</StateDst>
    <Year>2025</Year>
    <FilingDate>3/24/2025</FilingDate>
    <DocID>40003734</DocID>
  </Member>
  <Member>
    <Prefix>Hon.</Prefix>
    <Last>Greene</Last>
    <First>Marjorie Taylor</First>
    <Suffix />
    <FilingType>P</FilingType>
    <StateDst>GA14</StateDst>
    <Year>2025</Year>
    <FilingDate>1/27/2025</FilingDate>
    <DocID>20026658</DocID>
  </Member>
  <Member>
    <Prefix>Hon.</Prefix>
    <Last>Greene</Last>
    <First>Marjorie Taylor</First>
    <Suffix />
    <FilingType>P</FilingType>
    <StateDst>GA14</StateDst>
    <Year>2025</Year>
    <FilingDate>2/14/2025</FilingDate>
    <DocID>20026791</DocID>
  </Member>
  <Member>
    <Prefix>Hon.</Prefix>
    <Last>Greene</Last>
    <First>Marjorie Taylor</First>
    <Suffix />
    <FilingType>P</FilingType>
    <StateDst>GA14</StateDst>
    <Year>2025</Year>
    <FilingDate>3/9/2025</FilingDate>
    <DocID>20027933</DocID>
  </Member>
  <Member>
    <Prefix>Hon.</Prefix>
    <Last>Greene</Last>
    <First>Marjorie Taylor</First>
    <Suffix />
    <FilingType>P</FilingType>
    <StateDst>GA14</StateDst>
    <Year>2025</Year>
    <FilingDate>3/19/2025</FilingDate>
    <DocID>20028002</DocID>
  </Member>
  <Member>
    <Prefix>Hon.</Prefix>
    <Last>Greene</Last>
    <First>Marjorie Taylor</First>
    <Suffix />
    <FilingType>P</FilingType>
    <StateDst>GA14</StateDst>
    <Year>2025</Year>
    <FilingDate>3/23/2025</FilingDate>
    <DocID>20028016</DocID>
  </Member>
  <Member>
    <Prefix>Hon.</Prefix>
    <Last>Greene</Last>
    <First>Marjorie Taylor</First>
    <Suffix />
    <FilingType>P</FilingType>
    <StateDst>GA14</StateDst>
    <Year>2025</Year>
    <FilingDate>3/26/2025</FilingDate>
    <DocID>20029028</DocID>
  </Member>
  <Member>
    <Prefix>Hon.</Prefix>
    <Last>Greene</Last>
    <First>Marjorie Taylor</First>
    <Suffix />
    <FilingType>P</FilingType>
    <StateDst>GA14</StateDst>
    <Year>2025</Year>
    <FilingDate>4/7/2025</FilingDate>
    <DocID>20029089</DocID>
  </Member>
  <Member>
    <Prefix>Hon.</Prefix>
    <Last>Greene</Last>
    <First>Marjorie Taylor</First>
    <Suffix />
    <FilingType>P</FilingType>
    <StateDst>GA14</StateDst>
    <Year>2025</Year>
    <FilingDate>4/11/2025</FilingDate>
    <DocID>20029138</DocID>
  </Member>
  <Member>
    <Prefix />
    <Last>Hall</Last>
    <First>Donyale London</First>
    <Suffix />
    <FilingType>C</FilingType>
    <StateDst>DE00</StateDst>
    <Year>2025</Year>
    <FilingDate>3/15/2025</FilingDate>
    <DocID>10063542</DocID>
  </Member>
  <Member>
    <Prefix>Mr.</Prefix>
    <Last>Hawn</Last>
    <First>Joel Derek</First>
    <Suffix />
    <FilingType>C</FilingType>
    <StateDst>TN03</StateDst>
    <Year>2025</Year>
    <FilingDate>1/27/2025</FilingDate>
    <DocID>10063312</DocID>
  </Member>
  <Member>
    <Prefix>Hon.</Prefix>
    <Last>Hern</Last>
    <First>Kevin</First>
    <Suffix />
    <FilingType>P</FilingType>
    <StateDst>OK01</StateDst>
    <Year>2025</Year>
    <FilingDate>1/15/2025</FilingDate>
    <DocID>20026597</DocID>
  </Member>
  <Member>
    <Prefix>Hon.</Prefix>
    <Last>Hern</Last>
    <First>Kevin</First>
    <Suffix />
    <FilingType>P</FilingType>
    <StateDst>OK01</StateDst>
    <Year>2025</Year>
    <FilingDate>2/14/2025</FilingDate>
    <DocID>20026794</DocID>
  </Member>
  <Member>
    <Prefix>Hon.</Prefix>
    <Last>Hill</Last>
    <First>James French</First>
    <Suffix />
    <FilingType>P</FilingType>
    <StateDst>AR02</StateDst>
    <Year>2025</Year>
    <FilingDate>2/4/2025</FilingDate>
    <DocID>20026706</DocID>
  </Member>
  <Member>
    <Prefix />
    <Last>Honer</Last>
    <First>Bradley J.</First>
    <Suffix />
    <FilingType>C</FilingType>
    <StateDst>AZ04</StateDst>
    <Year>2025</Year>
    <FilingDate>3/13/2025</FilingDate>
    <DocID>10063488</DocID>
  </Member>
  <Member>
    <Prefix />
    <Last>Hubbard</Last>
    <First>Chuck</First>
    <Suffix />
    <FilingType>C</FilingType>
    <StateDst>NC05</StateDst>
    <Year>2025</Year>
    <FilingDate>3/25/2025</FilingDate>
    <DocID>10063595</DocID>
  </Member>
  <Member>
    <Prefix />
    <Last>Ingram</Last>
    <First>James Ronald</First>
    <Suffix />
    <FilingType>C</FilingType>
    <StateDst>MO06</StateDst>
    <Year>2025</Year>
    <FilingDate>3/6/2025</FilingDate>
    <DocID>10063475</DocID>
  </Member>
  <Member>
    <Prefix>Hon.</Prefix>
    <Last>Issa</Last>
    <First>Darrell E.</First>
    <Suffix />
    <FilingType>P</FilingType>
    <StateDst>CA48</StateDst>
    <Year>2025</Year>
    <FilingDate>4/17/2025</FilingDate>
    <DocID>20030181</DocID>
  </Member>
  <Member>
    <Prefix>Hon.</Prefix>
    <Last>Jackson</Last>
    <First>Jeff</First>
    <Suffix />
    <FilingType>X</FilingType>
    <StateDst>NC14</StateDst>
    <Year>2025</Year>
    <FilingDate>1/10/2025</FilingDate>
    <DocID>30022468</DocID>
  </Member>
  <Member>
    <Prefix>Hon.</Prefix>
    <Last>Jackson</Last>
    <First>Jonathan</First>
    <Suffix />
    <FilingType>P</FilingType>
    <StateDst>IL01</StateDst>
    <Year>2025</Year>
    <FilingDate>1/16/2025</FilingDate>
    <DocID>20026545</DocID>
  </Member>
  <Member>
    <Prefix>Hon.</Prefix>
    <Last>Jackson</Last>
    <First>Jonathan</First>
    <Suffix />
    <FilingType>P</FilingType>
    <StateDst>IL01</StateDst>
    <Year>2025</Year>
    <FilingDate>4/8/2025</FilingDate>
    <DocID>20029065</DocID>
  </Member>
  <Member>
    <Prefix>Hon.</Prefix>
    <Last>Johnson</Last>
    <First>Julie</First>
    <Suffix />
    <FilingType>P</FilingType>
    <StateDst>TX32</StateDst>
    <Year>2025</Year>
    <FilingDate>2/12/2025</FilingDate>
    <DocID>20026762</DocID>
  </Member>
  <Member>
    <Prefix>Hon.</Prefix>
    <Last>Johnson</Last>
    <First>Julie</First>
    <Suffix />
    <FilingType>P</FilingType>
    <StateDst>TX32</StateDst>
    <Year>2025</Year>
    <FilingDate>3/12/2025</FilingDate>
    <DocID>20027936</DocID>
  </Member>
  <Member>
    <Prefix>Hon.</Prefix>
    <Last>Johnson</Last>
    <First>Julie</First>
    <Suffix />
    <FilingType>P</FilingType>
    <StateDst>TX32</StateDst>
    <Year>2025</Year>
    <FilingDate>4/14/2025</FilingDate>
    <DocID>20029064</DocID>
  </Member>
  <Member>
    <Prefix>Hon.</Prefix>
    <Last>Joyce</Last>
    <First>David P.</First>
    <Suffix />
    <FilingType>P</FilingType>
    <StateDst>OH14</StateDst>
    <Year>2025</Year>
    <FilingDate>2/7/2025</FilingDate>
    <DocID>20026736</DocID>
  </Member>
  <Member>
    <Prefix>Hon.</Prefix>
    <Last>Kean</Last>
    <First>Thomas H.</First>
    <Suffix>Jr</Suffix>
    <FilingType>P</FilingType>
    <StateDst>NJ07</StateDst>
    <Year>2025</Year>
    <FilingDate>1/22/2025</FilingDate>
    <DocID>20026591</DocID>
  </Member>
  <Member>
    <Prefix>Hon.</Prefix>
    <Last>Kean</Last>
    <First>Thomas H.</First>
    <Suffix>Jr</Suffix>
    <FilingType>P</FilingType>
    <StateDst>NJ07</StateDst>
    <Year>2025</Year>
    <FilingDate>2/19/2025</FilingDate>
    <DocID>20026802</DocID>
  </Member>
  <Member>
    <Prefix>Hon.</Prefix>
    <Last>Kean</Last>
    <First>Thomas H.</First>
    <Suffix>Jr</Suffix>
    <FilingType>P</FilingType>
    <StateDst>NJ07</StateDst>
    <Year>2025</Year>
    <FilingDate>3/14/2025</FilingDate>
    <DocID>20027931</DocID>
  </Member>
  <Member>
    <Prefix>Hon.</Prefix>
    <Last>Keating</Last>
    <First>William R.</First>
    <Suffix />
    <FilingType>P</FilingType>
    <StateDst>MA09</StateDst>
    <Year>2025</Year>
    <FilingDate>1/15/2025</FilingDate>
    <DocID>20026556</DocID>
  </Member>
  <Member>
    <Prefix>Hon.</Prefix>
    <Last>Keating</Last>
    <First>William R.</First>
    <Suffix />
    <FilingType>P</FilingType>
    <StateDst>MA09</StateDst>
    <Year>2025</Year>
    <FilingDate>2/25/2025</FilingDate>
    <DocID>20027837</DocID>
  </Member>
  <Member>
    <Prefix>Hon.</Prefix>
    <Last>Keating</Last>
    <First>William R.</First>
    <Suffix />
    <FilingType>P</FilingType>
    <StateDst>MA09</StateDst>
    <Year>2025</Year>
    <FilingDate>3/21/2025</FilingDate>
    <DocID>20028007</DocID>
  </Member>
  <Member>
    <Prefix>Hon.</Prefix>
    <Last>Kelly</Last>
    <First>Mike</First>
    <Suffix />
    <FilingType>P</FilingType>
    <StateDst>PA16</StateDst>
    <Year>2025</Year>
    <FilingDate>1/9/2025</FilingDate>
    <DocID>20026550</DocID>
  </Member>
  <Member>
    <Prefix>Hon.</Prefix>
    <Last>Kelly</Last>
    <First>Mike</First>
    <Suffix />
    <FilingType>P</FilingType>
    <StateDst>PA16</StateDst>
    <Year>2025</Year>
    <FilingDate>2/14/2025</FilingDate>
    <DocID>20026792</DocID>
  </Member>
  <Member>
    <Prefix>Hon.</Prefix>
    <Last>Khanna</Last>
    <First>Rohit</First>
    <Suffix />
    <FilingType>P</FilingType>
    <StateDst>CA17</StateDst>
    <Year>2025</Year>
    <FilingDate>2/6/2025</FilingDate>
    <DocID>8220750</DocID>
  </Member>
  <Member>
    <Prefix>Hon.</Prefix>
    <Last>Khanna</Last>
    <First>Rohit</First>
    <Suffix />
    <FilingType>P</FilingType>
    <StateDst>CA17</StateDst>
    <Year>2025</Year>
    <FilingDate>3/6/2025</FilingDate>
    <DocID>8220783</DocID>
  </Member>
  <Member>
    <Prefix>Hon.</Prefix>
    <Last>Khanna</Last>
    <First>Rohit</First>
    <Suffix />
    <FilingType>P</FilingType>
    <StateDst>CA17</StateDst>
    <Year>2025</Year>
    <FilingDate>4/10/2025</FilingDate>
    <DocID>8220827</DocID>
  </Member>
  <Member>
    <Prefix>Hon.</Prefix>
    <Last>Kildee</Last>
    <First>Daniel T.</First>
    <Suffix />
    <FilingType>T</FilingType>
    <StateDst>MI08</StateDst>
    <Year>2025</Year>
    <FilingDate>1/8/2025</FilingDate>
    <DocID>10063228</DocID>
  </Member>
  <Member>
    <Prefix>Hon.</Prefix>
    <Last>Kilmer</Last>
    <First>Derek</First>
    <Suffix />
    <FilingType>T</FilingType>
    <StateDst>WA06</StateDst>
    <Year>2025</Year>
    <FilingDate>1/27/2025</FilingDate>
    <DocID>10063259</DocID>
  </Member>
  <Member>
    <Prefix>Mr.</Prefix>
    <Last>Knoles</Last>
    <First>Ricky Patric</First>
    <Suffix />
    <FilingType>C</FilingType>
    <StateDst>FL04</StateDst>
    <Year>2025</Year>
    <FilingDate>4/11/2025</FilingDate>
    <DocID>10064676</DocID>
  </Member>
  <Member>
    <Prefix>Hon.</Prefix>
    <Last>Knott</Last>
    <First>Brad</First>
    <Suffix />
    <FilingType>P</FilingType>
    <StateDst>NC13</StateDst>
    <Year>2025</Year>
    <FilingDate>2/25/2025</FilingDate>
    <DocID>20027846</DocID>
  </Member>
  <Member>
    <Prefix>Hon.</Prefix>
    <Last>Kuster</Last>
    <First>Ann M.</First>
    <Suffix />
    <FilingType>X</FilingType>
    <StateDst>NH02</StateDst>
    <Year>2025</Year>
    <FilingDate>1/16/2025</FilingDate>
    <DocID>30022475</DocID>
  </Member>
  <Member>
    <Prefix>Hon.</Prefix>
    <Last>Lamborn</Last>
    <First>Doug</First>
    <Suffix />
    <FilingType>T</FilingType>
    <StateDst>CO05</StateDst>
    <Year>2025</Year>
    <FilingDate>2/11/2025</FilingDate>
    <DocID>8220766</DocID>
  </Member>
  <Member>
    <Prefix>Hon.</Prefix>
    <Last>Landsman</Last>
    <First>Greg</First>
    <Suffix />
    <FilingType>P</FilingType>
    <StateDst>OH01</StateDst>
    <Year>2025</Year>
    <FilingDate>1/15/2025</FilingDate>
    <DocID>20026551</DocID>
  </Member>
  <Member>
    <Prefix>Hon.</Prefix>
    <Last>Landsman</Last>
    <First>Greg</First>
    <Suffix />
    <FilingType>P</FilingType>
    <StateDst>OH01</StateDst>
    <Year>2025</Year>
    <FilingDate>3/5/2025</FilingDate>
    <DocID>20027885</DocID>
  </Member>
  <Member>
    <Prefix>Hon.</Prefix>
    <Last>Landsman</Last>
    <First>Greg</First>
    <Suffix />
    <FilingType>P</FilingType>
    <StateDst>OH01</StateDst>
    <Year>2025</Year>
    <FilingDate>4/8/2025</FilingDate>
    <DocID>20029084</DocID>
  </Member>
  <Member>
    <Prefix>Hon.</Prefix>
    <Last>Larsen</Last>
    <First>Rick</First>
    <Suffix />
    <FilingType>P</FilingType>
    <StateDst>WA02</StateDst>
    <Year>2025</Year>
    <FilingDate>1/14/2025</FilingDate>
    <DocID>20026587</DocID>
  </Member>
  <Member>
    <Prefix>Hon.</Prefix>
    <Last>Larsen</Last>
    <First>Rick</First>
    <Suffix />
    <FilingType>P</FilingType>
    <StateDst>WA02</StateDst>
    <Year>2025</Year>
    <FilingDate>4/15/2025</FilingDate>
    <DocID>20030158</DocID>
  </Member>
  <Member>
    <Prefix />
    <Last>Laster</Last>
    <First>Justin</First>
    <Suffix />
    <FilingType>C</FilingType>
    <StateDst>GA08</StateDst>
    <Year>2025</Year>
    <FilingDate>2/20/2025</FilingDate>
    <DocID>10063413</DocID>
  </Member>
  <Member>
    <Prefix>Hon.</Prefix>
    <Last>Latta</Last>
    <First>Robert E.</First>
    <Suffix />
    <FilingType>P</FilingType>
    <StateDst>OH05</StateDst>
    <Year>2025</Year>
    <FilingDate>1/24/2025</FilingDate>
    <DocID>20026650</DocID>
  </Member>
  <Member>
    <Prefix>Hon.</Prefix>
    <Last>LaTurner</Last>
    <First>Jake</First>
    <Suffix />
    <FilingType>X</FilingType>
    <StateDst>KS02</StateDst>
    <Year>2025</Year>
    <FilingDate>2/1/2025</FilingDate>
    <DocID>30022493</DocID>
  </Member>
  <Member>
    <Prefix>Hon.</Prefix>
    <Last>Lee</Last>
    <First>Barbara</First>
    <Suffix />
    <FilingType>X</FilingType>
    <StateDst>CA12</StateDst>
    <Year>2025</Year>
    <FilingDate>1/27/2025</FilingDate>
    <DocID>30022484</DocID>
  </Member>
  <Member>
    <Prefix>Hon.</Prefix>
    <Last>Lee</Last>
    <First>Laurel</First>
    <Suffix />
    <FilingType>P</FilingType>
    <StateDst>FL15</StateDst>
    <Year>2025</Year>
    <FilingDate>1/7/2025</FilingDate>
    <DocID>20026513</DocID>
  </Member>
  <Member>
    <Prefix>Hon.</Prefix>
    <Last>Lee</Last>
    <First>Susie</First>
    <Suffix />
    <FilingType>P</FilingType>
    <StateDst>NV03</StateDst>
    <Year>2025</Year>
    <FilingDate>3/14/2025</FilingDate>
    <DocID>20027805</DocID>
  </Member>
  <Member>
    <Prefix>Hon.</Prefix>
    <Last>Lee</Last>
    <First>Susie</First>
    <Suffix />
    <FilingType>P</FilingType>
    <StateDst>NV03</StateDst>
    <Year>2025</Year>
    <FilingDate>4/11/2025</FilingDate>
    <DocID>20029082</DocID>
  </Member>
  <Member>
    <Prefix />
    <Last>Lesko</Last>
    <First>Debbie</First>
    <Suffix />
    <FilingType>T</FilingType>
    <StateDst>AZ08</StateDst>
    <Year>2025</Year>
    <FilingDate>1/31/2025</FilingDate>
    <DocID>10063271</DocID>
  </Member>
  <Member>
    <Prefix />
    <Last>Limon</Last>
    <First>Tracy L Mft</First>
    <Suffix />
    <FilingType>C</FilingType>
    <StateDst>IA03</StateDst>
    <Year>2025</Year>
    <FilingDate>3/13/2025</FilingDate>
    <DocID>10063535</DocID>
  </Member>
  <Member>
    <Prefix>Hon.</Prefix>
    <Last>Lopez</Last>
    <First>Greg</First>
    <Suffix />
    <FilingType>T</FilingType>
    <StateDst>CO04</StateDst>
    <Year>2025</Year>
    <FilingDate>2/3/2025</FilingDate>
    <DocID>10063348</DocID>
  </Member>
  <Member>
    <Prefix />
    <Last>Loyd</Last>
    <First>Joshua</First>
    <Suffix />
    <FilingType>C</FilingType>
    <StateDst>IL13</StateDst>
    <Year>2025</Year>
    <FilingDate>3/3/2025</FilingDate>
    <DocID>10063446</DocID>
  </Member>
  <Member>
    <Prefix>Hon.</Prefix>
    <Last>Luetkemeyer</Last>
    <First>Blaine</First>
    <Suffix />
    <FilingType>T</FilingType>
    <StateDst>MO03</StateDst>
    <Year>2025</Year>
    <FilingDate>1/16/2025</FilingDate>
    <DocID>8220737</DocID>
  </Member>
  <Member>
    <Prefix>Hon.</Prefix>
    <Last>Manning</Last>
    <First>Kathy</First>
    <Suffix />
    <FilingType>P</FilingType>
    <StateDst>NC06</StateDst>
    <Year>2025</Year>
    <FilingDate>1/27/2025</FilingDate>
    <DocID>20026638</DocID>
  </Member>
  <Member>
    <Prefix>Hon.</Prefix>
    <Last>Manning</Last>
    <First>Kathy</First>
    <Suffix />
    <FilingType>X</FilingType>
    <StateDst>NC06</StateDst>
    <Year>2025</Year>
    <FilingDate>1/9/2025</FilingDate>
    <DocID>30022466</DocID>
  </Member>
  <Member>
    <Prefix />
    <Last>Mason-Hill</Last>
    <First>Elizabeth A.</First>
    <Suffix />
    <FilingType>C</FilingType>
    <StateDst>KY04</StateDst>
    <Year>2025</Year>
    <FilingDate>4/7/2025</FilingDate>
    <DocID>10064660</DocID>
  </Member>
  <Member>
    <Prefix>Hon.</Prefix>
    <Last>McCaul</Last>
    <First>Michael T.</First>
    <Suffix />
    <FilingType>P</FilingType>
    <StateDst>TX10</StateDst>
    <Year>2025</Year>
    <FilingDate>2/11/2025</FilingDate>
    <DocID>8220754</DocID>
  </Member>
  <Member>
    <Prefix>Hon.</Prefix>
    <Last>McCaul</Last>
    <First>Michael T.</First>
    <Suffix />
    <FilingType>P</FilingType>
    <StateDst>TX10</StateDst>
    <Year>2025</Year>
    <FilingDate>4/17/2025</FilingDate>
    <DocID>8220834</DocID>
  </Member>
  <Member>
    <Prefix />
    <Last>McClure</Last>
    <First>Lamont</First>
    <Suffix />
    <FilingType>X</FilingType>
    <StateDst>PA07</StateDst>
    <Year>2025</Year>
    <FilingDate>3/24/2025</FilingDate>
    <DocID>30022519</DocID>
  </Member>
  <Member>
    <Prefix />
    <Last>McConnell</Last>
    <First>Jack</First>
    <Suffix />
    <FilingType>D</FilingType>
    <StateDst>TX31</StateDst>
    <Year>2025</Year>
    <FilingDate>3/3/2025</FilingDate>
    <DocID>40003721</DocID>
  </Member>
  <Member>
    <Prefix />
    <Last>McConnell</Last>
    <First>Jack</First>
    <Suffix />
    <FilingType>D</FilingType>
    <StateDst>TX31</StateDst>
    <Year>2025</Year>
    <FilingDate>3/3/2025</FilingDate>
    <DocID>40003730</DocID>
  </Member>
  <Member>
    <Prefix>Hon.</Prefix>
    <Last>McHenry</Last>
    <First>Patrick T.</First>
    <Suffix />
    <FilingType>T</FilingType>
    <StateDst>NC10</StateDst>
    <Year>2025</Year>
    <FilingDate>1/31/2025</FilingDate>
    <DocID>10063331</DocID>
  </Member>
  <Member>
    <Prefix>Hon.</Prefix>
    <Last>Miller</Last>
    <First>Carol Devine</First>
    <Suffix />
    <FilingType>P</FilingType>
    <StateDst>WV01</StateDst>
    <Year>2025</Year>
    <FilingDate>4/11/2025</FilingDate>
    <DocID>20029135</DocID>
  </Member>
  <Member>
    <Prefix>Hon.</Prefix>
    <Last>Miller</Last>
    <First>Max</First>
    <Suffix />
    <FilingType>P</FilingType>
    <StateDst>OH07</StateDst>
    <Year>2025</Year>
    <FilingDate>1/31/2025</FilingDate>
    <DocID>20026684</DocID>
  </Member>
  <Member>
    <Prefix>Hon.</Prefix>
    <Last>Miller</Last>
    <First>Max</First>
    <Suffix />
    <FilingType>P</FilingType>
    <StateDst>OH07</StateDst>
    <Year>2025</Year>
    <FilingDate>2/24/2025</FilingDate>
    <DocID>20027838</DocID>
  </Member>
  <Member>
    <Prefix>Hon.</Prefix>
    <Last>Miller</Last>
    <First>Max</First>
    <Suffix />
    <FilingType>P</FilingType>
    <StateDst>OH07</StateDst>
    <Year>2025</Year>
    <FilingDate>3/27/2025</FilingDate>
    <DocID>20029035</DocID>
  </Member>
  <Member>
    <Prefix>Hon.</Prefix>
    <Last>Min</Last>
    <First>Dave</First>
    <Suffix />
    <FilingType>P</FilingType>
    <StateDst>CA47</StateDst>
    <Year>2025</Year>
    <FilingDate>4/14/2025</FilingDate>
    <DocID>20029100</DocID>
  </Member>
  <Member>
    <Prefix />
    <Last>Moburg</Last>
    <First>Haiden William</First>
    <Suffix />
    <FilingType>C</FilingType>
    <StateDst>GA07</StateDst>
    <Year>2025</Year>
    <FilingDate>2/14/2025</FilingDate>
    <DocID>10063386</DocID>
  </Member>
  <Member>
    <Prefix>Hon.</Prefix>
    <Last>Molinaro</Last>
    <First>Marcus J.</First>
    <Suffix />
    <FilingType>T</FilingType>
    <StateDst>NY19</StateDst>
    <Year>2025</Year>
    <FilingDate>1/31/2025</FilingDate>
    <DocID>10063317</DocID>
  </Member>
  <Member>
    <Prefix>Hon.</Prefix>
    <Last>Mooney</Last>
    <First>Alexander Xavier</First>
    <Suffix />
    <FilingType>T</FilingType>
    <StateDst>WV02</StateDst>
    <Year>2025</Year>
    <FilingDate>2/3/2025</FilingDate>
    <DocID>10063352</DocID>
  </Member>
  <Member>
    <Prefix>Hon.</Prefix>
    <Last>Moore</Last>
    <First>Tim</First>
    <Suffix />
    <FilingType>P</FilingType>
    <StateDst>NC14</StateDst>
    <Year>2025</Year>
    <FilingDate>2/15/2025</FilingDate>
    <DocID>20026796</DocID>
  </Member>
  <Member>
    <Prefix>Hon.</Prefix>
    <Last>Moore</Last>
    <First>Tim</First>
    <Suffix />
    <FilingType>P</FilingType>
    <StateDst>NC14</StateDst>
    <Year>2025</Year>
    <FilingDate>3/11/2025</FilingDate>
    <DocID>20027944</DocID>
  </Member>
  <Member>
    <Prefix>Hon.</Prefix>
    <Last>Moore</Last>
    <First>Tim</First>
    <Suffix />
    <FilingType>P</FilingType>
    <StateDst>NC14</StateDst>
    <Year>2025</Year>
    <FilingDate>4/14/2025</FilingDate>
    <DocID>20029134</DocID>
  </Member>
  <Member>
    <Prefix>Hon.</Prefix>
    <Last>Morrison</Last>
    <First>Kelly Louise</First>
    <Suffix />
    <FilingType>P</FilingType>
    <StateDst>MN03</StateDst>
    <Year>2025</Year>
    <FilingDate>2/2/2025</FilingDate>
    <DocID>20026695</DocID>
  </Member>
  <Member>
    <Prefix>Hon.</Prefix>
    <Last>Morrison</Last>
    <First>Kelly Louise</First>
    <Suffix />
    <FilingType>P</FilingType>
    <StateDst>MN03</StateDst>
    <Year>2025</Year>
    <FilingDate>3/10/2025</FilingDate>
    <DocID>20027907</DocID>
  </Member>
  <Member>
    <Prefix>Hon.</Prefix>
    <Last>Morrison</Last>
    <First>Kelly Louise</First>
    <Suffix />
    <FilingType>P</FilingType>
    <StateDst>MN03</StateDst>
    <Year>2025</Year>
    <FilingDate>3/11/2025</FilingDate>
    <DocID>20027951</DocID>
  </Member>
  <Member>
    <Prefix>Hon.</Prefix>
    <Last>Morrison</Last>
    <First>Kelly Louise</First>
    <Suffix />
    <FilingType>P</FilingType>
    <StateDst>MN03</StateDst>
    <Year>2025</Year>
    <FilingDate>4/4/2025</FilingDate>
    <DocID>20029067</DocID>
  </Member>
  <Member>
    <Prefix>Hon.</Prefix>
    <Last>Morrison</Last>
    <First>Kelly Louise</First>
    <Suffix />
    <FilingType>P</FilingType>
    <StateDst>MN03</StateDst>
    <Year>2025</Year>
    <FilingDate>4/11/2025</FilingDate>
    <DocID>20029121</DocID>
  </Member>
  <Member>
    <Prefix>Hon.</Prefix>
    <Last>Moskowitz</Last>
    <First>Jared</First>
    <Suffix />
    <FilingType>P</FilingType>
    <StateDst>FL23</StateDst>
    <Year>2025</Year>
    <FilingDate>2/10/2025</FilingDate>
    <DocID>20026731</DocID>
  </Member>
  <Member>
    <Prefix>Hon.</Prefix>
    <Last>Moskowitz</Last>
    <First>Jared</First>
    <Suffix />
    <FilingType>P</FilingType>
    <StateDst>FL23</StateDst>
    <Year>2025</Year>
    <FilingDate>3/6/2025</FilingDate>
    <DocID>20027896</DocID>
  </Member>
  <Member>
    <Prefix>Hon.</Prefix>
    <Last>Moskowitz</Last>
    <First>Jared</First>
    <Suffix />
    <FilingType>P</FilingType>
    <StateDst>FL23</StateDst>
    <Year>2025</Year>
    <FilingDate>4/8/2025</FilingDate>
    <DocID>20029079</DocID>
  </Member>
  <Member>
    <Prefix />
    <Last>Murphy</Last>
    <First>Craig</First>
    <Suffix />
    <FilingType>D</FilingType>
    <StateDst>PA35</StateDst>
    <Year>2025</Year>
    <FilingDate>3/3/2025</FilingDate>
    <DocID>40003731</DocID>
  </Member>
  <Member>
    <Prefix>Hon.</Prefix>
    <Last>Napolitano</Last>
    <First>Grace F.</First>
    <Suffix />
    <FilingType>T</FilingType>
    <StateDst>CA31</StateDst>
    <Year>2025</Year>
    <FilingDate>3/4/2025</FilingDate>
    <DocID>10063249</DocID>
  </Member>
  <Member>
    <Prefix>Hon.</Prefix>
    <Last>Nickel</Last>
    <First>Wiley</First>
    <Suffix />
    <FilingType>X</FilingType>
    <StateDst>NC13</StateDst>
    <Year>2025</Year>
    <FilingDate>1/22/2025</FilingDate>
    <DocID>30022477</DocID>
  </Member>
  <Member>
    <Prefix>Hon.</Prefix>
    <Last>Norton</Last>
    <First>Eleanor Holmes</First>
    <Suffix />
    <FilingType>P</FilingType>
    <StateDst>DC00</StateDst>
    <Year>2025</Year>
    <FilingDate>3/11/2025</FilingDate>
    <DocID>20027950</DocID>
  </Member>
  <Member>
    <Prefix />
    <Last>Pan</Last>
    <First>David</First>
    <Suffix />
    <FilingType>C</FilingType>
    <StateDst>CA46</StateDst>
    <Year>2025</Year>
    <FilingDate>2/26/2025</FilingDate>
    <DocID>10063373</DocID>
  </Member>
  <Member>
    <Prefix />
    <Last>Pargeter</Last>
    <First>Evan George</First>
    <Suffix />
    <FilingType>W</FilingType>
    <StateDst>OH15</StateDst>
    <Year>2025</Year>
    <FilingDate>3/3/2025</FilingDate>
    <DocID>8001</DocID>
  </Member>
  <Member>
    <Prefix>Mr.</Prefix>
    <Last>Parrott</Last>
    <First>Neil Conrad Mr</First>
    <Suffix />
    <FilingType>C</FilingType>
    <StateDst>MD06</StateDst>
    <Year>2025</Year>
    <FilingDate>2/24/2025</FilingDate>
    <DocID>10063328</DocID>
  </Member>
  <Member>
    <Prefix>Hon.</Prefix>
    <Last>Pelosi</Last>
    <First>Nancy</First>
    <Suffix />
    <FilingType>P</FilingType>
    <StateDst>CA11</StateDst>
    <Year>2025</Year>
    <FilingDate>1/17/2025</FilingDate>
    <DocID>20026590</DocID>
  </Member>
  <Member>
    <Prefix>Hon.</Prefix>
    <Last>Peltola</Last>
    <First>Mary</First>
    <Suffix />
    <FilingType>T</FilingType>
    <StateDst>AK00</StateDst>
    <Year>2025</Year>
    <FilingDate>3/10/2025</FilingDate>
    <DocID>10063340</DocID>
  </Member>
  <Member>
    <Prefix>Hon.</Prefix>
    <Last>Peltola</Last>
    <First>Mary</First>
    <Suffix />
    <FilingType>X</FilingType>
    <StateDst>AK00</StateDst>
    <Year>2025</Year>
    <FilingDate>1/31/2025</FilingDate>
    <DocID>30022491</DocID>
  </Member>
  <Member>
    <Prefix>Hon.</Prefix>
    <Last>Pence</Last>
    <First>Gregory J.</First>
    <Suffix />
    <FilingType>T</FilingType>
    <StateDst>IN06</StateDst>
    <Year>2025</Year>
    <FilingDate>1/27/2025</FilingDate>
    <DocID>10063314</DocID>
  </Member>
  <Member>
    <Prefix>Hon.</Prefix>
    <Last>Peters</Last>
    <First>Scott H.</First>
    <Suffix />
    <FilingType>P</FilingType>
    <StateDst>CA50</StateDst>
    <Year>2025</Year>
    <FilingDate>1/15/2025</FilingDate>
    <DocID>20026577</DocID>
  </Member>
  <Member>
    <Prefix>Hon.</Prefix>
    <Last>Peters</Last>
    <First>Scott H.</First>
    <Suffix />
    <FilingType>P</FilingType>
    <StateDst>CA50</StateDst>
    <Year>2025</Year>
    <FilingDate>2/18/2025</FilingDate>
    <DocID>20026774</DocID>
  </Member>
  <Member>
    <Prefix>Hon.</Prefix>
    <Last>Peters</Last>
    <First>Scott H.</First>
    <Suffix />
    <FilingType>P</FilingType>
    <StateDst>CA50</StateDst>
    <Year>2025</Year>
    <FilingDate>3/14/2025</FilingDate>
    <DocID>20027961</DocID>
  </Member>
  <Member>
    <Prefix>Hon.</Prefix>
    <Last>Pettersen</Last>
    <First>Brittany Louise</First>
    <Suffix />
    <FilingType>G</FilingType>
    <StateDst>CO07</StateDst>
    <Year>2025</Year>
    <FilingDate>3/10/2025</FilingDate>
    <DocID>8220792</DocID>
  </Member>
  <Member>
    <Prefix>Hon.</Prefix>
    <Last>Pfluger</Last>
    <First>August Lee</First>
    <Suffix>II</Suffix>
    <FilingType>P</FilingType>
    <StateDst>TX11</StateDst>
    <Year>2025</Year>
    <FilingDate>2/15/2025</FilingDate>
    <DocID>20021220</DocID>
  </Member>
  <Member>
    <Prefix>Hon.</Prefix>
    <Last>Phillips</Last>
    <First>Dean</First>
    <Suffix />
    <FilingType>B</FilingType>
    <StateDst>MN03</StateDst>
    <Year>2025</Year>
    <FilingDate>1/23/2025</FilingDate>
    <DocID>8220735</DocID>
  </Member>
  <Member>
    <Prefix>Hon.</Prefix>
    <Last>Phillips</Last>
    <First>Dean</First>
    <Suffix />
    <FilingType>B</FilingType>
    <StateDst>MN03</StateDst>
    <Year>2025</Year>
    <FilingDate>1/31/2025</FilingDate>
    <DocID>8220736</DocID>
  </Member>
  <Member>
    <Prefix>Hon.</Prefix>
    <Last>Phillips</Last>
    <First>Dean</First>
    <Suffix />
    <FilingType>X</FilingType>
    <StateDst>MN03</StateDst>
    <Year>2025</Year>
    <FilingDate>1/14/2025</FilingDate>
    <DocID>30022471</DocID>
  </Member>
  <Member>
    <Prefix />
    <Last>Porter</Last>
    <First>Ferguson</First>
    <Suffix />
    <FilingType>X</FilingType>
    <StateDst>CA41</StateDst>
    <Year>2025</Year>
    <FilingDate>2/25/2025</FilingDate>
    <DocID>30022498</DocID>
  </Member>
  <Member>
    <Prefix>Hon.</Prefix>
    <Last>Porter</Last>
    <First>Katherine</First>
    <Suffix />
    <FilingType>T</FilingType>
    <StateDst>CA47</StateDst>
    <Year>2025</Year>
    <FilingDate>1/16/2025</FilingDate>
    <DocID>10063230</DocID>
  </Member>
  <Member>
    <Prefix>Hon.</Prefix>
    <Last>Posey</Last>
    <First>Bill</First>
    <Suffix />
    <FilingType>T</FilingType>
    <StateDst>FL08</StateDst>
    <Year>2025</Year>
    <FilingDate>1/21/2025</FilingDate>
    <DocID>8220738</DocID>
  </Member>
  <Member>
    <Prefix>Hon.</Prefix>
    <Last>Randall</Last>
    <First>Emily</First>
    <Suffix />
    <FilingType>P</FilingType>
    <StateDst>WA06</StateDst>
    <Year>2025</Year>
    <FilingDate>2/11/2025</FilingDate>
    <DocID>20026756</DocID>
  </Member>
  <Member>
    <Prefix>Hon.</Prefix>
    <Last>Raskin</Last>
    <First>Jamie</First>
    <Suffix />
    <FilingType>P</FilingType>
    <StateDst>MD08</StateDst>
    <Year>2025</Year>
    <FilingDate>4/9/2025</FilingDate>
    <DocID>8220828</DocID>
  </Member>
  <Member>
    <Prefix>Hon.</Prefix>
    <Last>Reschenthaler</Last>
    <First>Guy Mr</First>
    <Suffix />
    <FilingType>P</FilingType>
    <StateDst>PA14</StateDst>
    <Year>2025</Year>
    <FilingDate>1/9/2025</FilingDate>
    <DocID>20026547</DocID>
  </Member>
  <Member>
    <Prefix />
    <Last>Riley</Last>
    <First>Cheryl</First>
    <Suffix />
    <FilingType>C</FilingType>
    <StateDst>MD08</StateDst>
    <Year>2025</Year>
    <FilingDate>3/4/2025</FilingDate>
    <DocID>10063417</DocID>
  </Member>
  <Member>
    <Prefix />
    <Last>Riley</Last>
    <First>Cheryl</First>
    <Suffix />
    <FilingType>X</FilingType>
    <StateDst>MD08</StateDst>
    <Year>2025</Year>
    <FilingDate>3/10/2025</FilingDate>
    <DocID>30022502</DocID>
  </Member>
  <Member>
    <Prefix>Hon.</Prefix>
    <Last>Rodgers</Last>
    <First>Cathy McMorris</First>
    <Suffix />
    <FilingType>T</FilingType>
    <StateDst>WA05</StateDst>
    <Year>2025</Year>
    <FilingDate>1/18/2025</FilingDate>
    <DocID>10063285</DocID>
  </Member>
  <Member>
    <Prefix>Hon.</Prefix>
    <Last>Rogers</Last>
    <First>Harold Dallas</First>
    <Suffix />
    <FilingType>P</FilingType>
    <StateDst>KY05</StateDst>
    <Year>2025</Year>
    <FilingDate>2/12/2025</FilingDate>
    <DocID>8220755</DocID>
  </Member>
  <Member>
    <Prefix>Hon.</Prefix>
    <Last>Rogers</Last>
    <First>Harold Dallas</First>
    <Suffix />
    <FilingType>P</FilingType>
    <StateDst>KY05</StateDst>
    <Year>2025</Year>
    <FilingDate>3/6/2025</FilingDate>
    <DocID>8220782</DocID>
  </Member>
  <Member>
    <Prefix>Hon.</Prefix>
    <Last>Rosendale</Last>
    <First>Matt M.</First>
    <Suffix />
    <FilingType>T</FilingType>
    <StateDst>MT02</StateDst>
    <Year>2025</Year>
    <FilingDate>1/30/2025</FilingDate>
    <DocID>10063300</DocID>
  </Member>
  <Member>
    <Prefix>Hon.</Prefix>
    <Last>Rosendale</Last>
    <First>Matt M.</First>
    <Suffix />
    <FilingType>X</FilingType>
    <StateDst>MT02</StateDst>
    <Year>2025</Year>
    <FilingDate>1/29/2025</FilingDate>
    <DocID>30022485</DocID>
  </Member>
  <Member>
    <Prefix>Hon.</Prefix>
    <Last>Ruppersberger</Last>
    <First>C. A. Dutch</First>
    <Suffix />
    <FilingType>T</FilingType>
    <StateDst>MD02</StateDst>
    <Year>2025</Year>
    <FilingDate>1/14/2025</FilingDate>
    <DocID>10063256</DocID>
  </Member>
  <Member>
    <Prefix>Hon.</Prefix>
    <Last>Sablan</Last>
    <First>Gregorio Kilili Camacho</First>
    <Suffix />
    <FilingType>T</FilingType>
    <StateDst>MP00</StateDst>
    <Year>2025</Year>
    <FilingDate>3/27/2025</FilingDate>
    <DocID>10063261</DocID>
  </Member>
  <Member>
    <Prefix>Hon.</Prefix>
    <Last>Sablan</Last>
    <First>Gregorio Kilili Camacho</First>
    <Suffix />
    <FilingType>X</FilingType>
    <StateDst>MP00</StateDst>
    <Year>2025</Year>
    <FilingDate>1/31/2025</FilingDate>
    <DocID>30022489</DocID>
  </Member>
  <Member>
    <Prefix>Hon.</Prefix>
    <Last>Sablan</Last>
    <First>Gregorio Kilili Camacho</First>
    <Suffix />
    <FilingType>X</FilingType>
    <StateDst>MP00</StateDst>
    <Year>2025</Year>
    <FilingDate>3/10/2025</FilingDate>
    <DocID>30022506</DocID>
  </Member>
  <Member>
    <Prefix>Hon.</Prefix>
    <Last>Sarbanes</Last>
    <First>John P.</First>
    <Suffix />
    <FilingType>T</FilingType>
    <StateDst>MD03</StateDst>
    <Year>2025</Year>
    <FilingDate>1/25/2025</FilingDate>
    <DocID>10063257</DocID>
  </Member>
  <Member>
    <Prefix />
    <Last>Sartin</Last>
    <First>David Wayne</First>
    <Suffix />
    <FilingType>D</FilingType>
    <StateDst>WV01</StateDst>
    <Year>2025</Year>
    <FilingDate>3/3/2025</FilingDate>
    <DocID>40003724</DocID>
  </Member>
  <Member>
    <Prefix>Hon.</Prefix>
    <Last>Schneider</Last>
    <First>Bradley S.</First>
    <Suffix />
    <FilingType>P</FilingType>
    <StateDst>IL10</StateDst>
    <Year>2025</Year>
    <FilingDate>3/5/2025</FilingDate>
    <DocID>20027911</DocID>
  </Member>
  <Member>
    <Prefix>Hon.</Prefix>
    <Last>Self</Last>
    <First>Keith Alan</First>
    <Suffix />
    <FilingType>P</FilingType>
    <StateDst>TX03</StateDst>
    <Year>2025</Year>
    <FilingDate>1/23/2025</FilingDate>
    <DocID>8220731</DocID>
  </Member>
  <Member>
    <Prefix>Hon.</Prefix>
    <Last>Sherman</Last>
    <First>Brad</First>
    <Suffix />
    <FilingType>P</FilingType>
    <StateDst>CA32</StateDst>
    <Year>2025</Year>
    <FilingDate>2/20/2025</FilingDate>
    <DocID>8220768</DocID>
  </Member>
  <Member>
    <Prefix>Hon.</Prefix>
    <Last>Sherman</Last>
    <First>Brad</First>
    <Suffix />
    <FilingType>P</FilingType>
    <StateDst>CA32</StateDst>
    <Year>2025</Year>
    <FilingDate>2/25/2025</FilingDate>
    <DocID>8220770</DocID>
  </Member>
  <Member>
    <Prefix>Hon.</Prefix>
    <Last>Sherman</Last>
    <First>Brad</First>
    <Suffix />
    <FilingType>P</FilingType>
    <StateDst>CA32</StateDst>
    <Year>2025</Year>
    <FilingDate>3/3/2025</FilingDate>
    <DocID>8220780</DocID>
  </Member>
  <Member>
    <Prefix>Hon.</Prefix>
    <Last>Sherrill</Last>
    <First>Mikie</First>
    <Suffix />
    <FilingType>P</FilingType>
    <StateDst>NJ11</StateDst>
    <Year>2025</Year>
    <FilingDate>3/10/2025</FilingDate>
    <DocID>20027937</DocID>
  </Member>
  <Member>
    <Prefix>Hon.</Prefix>
    <Last>Shreve</Last>
    <First>Jefferson</First>
    <Suffix />
    <FilingType>P</FilingType>
    <StateDst>IN06</StateDst>
    <Year>2025</Year>
    <FilingDate>2/12/2025</FilingDate>
    <DocID>20026770</DocID>
  </Member>
  <Member>
    <Prefix>Hon.</Prefix>
    <Last>Shreve</Last>
    <First>Jefferson</First>
    <Suffix />
    <FilingType>P</FilingType>
    <StateDst>IN06</StateDst>
    <Year>2025</Year>
    <FilingDate>3/9/2025</FilingDate>
    <DocID>20027879</DocID>
  </Member>
  <Member>
    <Prefix>Hon.</Prefix>
    <Last>Shreve</Last>
    <First>Jefferson</First>
    <Suffix />
    <FilingType>P</FilingType>
    <StateDst>IN06</StateDst>
    <Year>2025</Year>
    <FilingDate>4/11/2025</FilingDate>
    <DocID>20029038</DocID>
  </Member>
  <Member>
    <Prefix>Hon.</Prefix>
    <Last>Slotkin</Last>
    <First>Elissa</First>
    <Suffix />
    <FilingType>E</FilingType>
    <StateDst>MI07</StateDst>
    <Year>2025</Year>
    <FilingDate>1/17/2025</FilingDate>
    <DocID>40003710</DocID>
  </Member>
  <Member>
    <Prefix>Hon.</Prefix>
    <Last>Smith</Last>
    <First>Adrian</First>
    <Suffix />
    <FilingType>P</FilingType>
    <StateDst>NE03</StateDst>
    <Year>2025</Year>
    <FilingDate>2/13/2025</FilingDate>
    <DocID>8220764</DocID>
  </Member>
  <Member>
    <Prefix />
    <Last>Smith</Last>
    <First>Robert Jeffrey</First>
    <Suffix />
    <FilingType>C</FilingType>
    <StateDst>CA24</StateDst>
    <Year>2025</Year>
    <FilingDate>4/2/2025</FilingDate>
    <DocID>10064644</DocID>
  </Member>
  <Member>
    <Prefix>Hon.</Prefix>
    <Last>Spanberger</Last>
    <First>Abigail</First>
    <Suffix />
    <FilingType>T</FilingType>
    <StateDst>VA07</StateDst>
    <Year>2025</Year>
    <FilingDate>1/11/2025</FilingDate>
    <DocID>10063255</DocID>
  </Member>
  <Member>
    <Prefix />
    <Last>Sparrow</Last>
    <First>Steven</First>
    <Suffix />
    <FilingType>C</FilingType>
    <StateDst>CA29</StateDst>
    <Year>2025</Year>
    <FilingDate>1/23/2025</FilingDate>
    <DocID>10063299</DocID>
  </Member>
  <Member>
    <Prefix>Hon.</Prefix>
    <Last>Spartz</Last>
    <First>Victoria</First>
    <Suffix />
    <FilingType>P</FilingType>
    <StateDst>IN05</StateDst>
    <Year>2025</Year>
    <FilingDate>2/10/2025</FilingDate>
    <DocID>20026754</DocID>
  </Member>
  <Member>
    <Prefix>Hon.</Prefix>
    <Last>Steel</Last>
    <First>Michelle</First>
    <Suffix />
    <FilingType>T</FilingType>
    <StateDst>CA45</StateDst>
    <Year>2025</Year>
    <FilingDate>3/23/2025</FilingDate>
    <DocID>10063281</DocID>
  </Member>
  <Member>
    <Prefix>Hon.</Prefix>
    <Last>Steel</Last>
    <First>Michelle</First>
    <Suffix />
    <FilingType>X</FilingType>
    <StateDst>CA45</StateDst>
    <Year>2025</Year>
    <FilingDate>1/23/2025</FilingDate>
    <DocID>30022480</DocID>
  </Member>
  <Member>
    <Prefix />
    <Last>Stern</Last>
    <First>Eli</First>
    <Suffix />
    <FilingType>C</FilingType>
    <StateDst>CA49</StateDst>
    <Year>2025</Year>
    <FilingDate>3/7/2025</FilingDate>
    <DocID>10063478</DocID>
  </Member>
  <Member>
    <Prefix>Hon.</Prefix>
    <Last>Steube</Last>
    <First>Greg</First>
    <Suffix />
    <FilingType>P</FilingType>
    <StateDst>FL17</StateDst>
    <Year>2025</Year>
    <FilingDate>4/4/2025</FilingDate>
    <DocID>20024927</DocID>
  </Member>
  <Member>
    <Prefix />
    <Last>Stewart</Last>
    <First>Trapper Gavin Alexander</First>
    <Suffix />
    <FilingType>C</FilingType>
    <StateDst>IN07</StateDst>
    <Year>2025</Year>
    <FilingDate>3/4/2025</FilingDate>
    <DocID>10063458</DocID>
  </Member>
  <Member>
    <Prefix>Dr.</Prefix>
    <Last>Swift</Last>
    <First>Paula Williams</First>
    <Suffix />
    <FilingType>C</FilingType>
    <StateDst>CA40</StateDst>
    <Year>2025</Year>
    <FilingDate>4/8/2025</FilingDate>
    <DocID>10064663</DocID>
  </Member>
  <Member>
    <Prefix />
    <Last>Talkington</Last>
    <First>Michelle</First>
    <Suffix />
    <FilingType>X</FilingType>
    <StateDst>MD05</StateDst>
    <Year>2025</Year>
    <FilingDate>3/10/2025</FilingDate>
    <DocID>30022504</DocID>
  </Member>
  <Member>
    <Prefix>Hon.</Prefix>
    <Last>Taylor</Last>
    <First>David J.</First>
    <Suffix />
    <FilingType>P</FilingType>
    <StateDst>OH02</StateDst>
    <Year>2025</Year>
    <FilingDate>4/3/2025</FilingDate>
    <DocID>20029060</DocID>
  </Member>
  <Member>
    <Prefix>Hon.</Prefix>
    <Last>Taylor</Last>
    <First>David J.</First>
    <Suffix />
    <FilingType>P</FilingType>
    <StateDst>OH02</StateDst>
    <Year>2025</Year>
    <FilingDate>4/3/2025</FilingDate>
    <DocID>20029069</DocID>
  </Member>
  <Member>
    <Prefix />
    <Last>Terrell</Last>
    <First>Travis</First>
    <Suffix />
    <FilingType>C</FilingType>
    <StateDst>IA01</StateDst>
    <Year>2025</Year>
    <FilingDate>4/11/2025</FilingDate>
    <DocID>10064675</DocID>
  </Member>
  <Member>
    <Prefix />
    <Last>Tomkins</Last>
    <First>Anthony</First>
    <Suffix />
    <FilingType>C</FilingType>
    <StateDst>UT01</StateDst>
    <Year>2025</Year>
    <FilingDate>1/29/2025</FilingDate>
    <DocID>10063327</DocID>
  </Member>
  <Member>
    <Prefix />
    <Last>Tomkins</Last>
    <First>Anthony</First>
    <Suffix />
    <FilingType>D</FilingType>
    <StateDst>UT01</StateDst>
    <Year>2025</Year>
    <FilingDate>3/3/2025</FilingDate>
    <DocID>40003718</DocID>
  </Member>
  <Member>
    <Prefix>Hon.</Prefix>
    <Last>Trone</Last>
    <First>David</First>
    <Suffix />
    <FilingType>X</FilingType>
    <StateDst>MD06</StateDst>
    <Year>2025</Year>
    <FilingDate>1/14/2025</FilingDate>
    <DocID>30022472</DocID>
  </Member>
  <Member>
    <Prefix>Mr.</Prefix>
    <Last>Truman</Last>
    <First>Benedict</First>
    <Suffix>II</Suffix>
    <FilingType>C</FilingType>
    <StateDst>GA04</StateDst>
    <Year>2025</Year>
    <FilingDate>3/22/2025</FilingDate>
    <DocID>10063583</DocID>
  </Member>
  <Member>
    <Prefix />
    <Last>Turner</Last>
    <First>Sylvester</First>
    <Suffix />
    <FilingType>C</FilingType>
    <StateDst>TX18</StateDst>
    <Year>2025</Year>
    <FilingDate>1/30/2025</FilingDate>
    <DocID>10063318</DocID>
  </Member>
  <Member>
    <Prefix />
    <Last>Tyler</Last>
    <First>John Wesley</First>
    <Suffix />
    <FilingType>C</FilingType>
    <StateDst>CA04</StateDst>
    <Year>2025</Year>
    <FilingDate>1/16/2025</FilingDate>
    <DocID>10063277</DocID>
  </Member>
  <Member>
    <Prefix />
    <Last>Tyler</Last>
    <First>John Wesley</First>
    <Suffix />
    <FilingType>C</FilingType>
    <StateDst>CA04</StateDst>
    <Year>2025</Year>
    <FilingDate>4/2/2025</FilingDate>
    <DocID>10064643</DocID>
  </Member>
  <Member>
    <Prefix />
    <Last>Varet</Last>
    <First>Esther Kim</First>
    <Suffix />
    <FilingType>X</FilingType>
    <StateDst>CA40</StateDst>
    <Year>2025</Year>
    <FilingDate>2/25/2025</FilingDate>
    <DocID>30022482</DocID>
  </Member>
  <Member>
    <Prefix />
    <Last>Vartan</Last>
    <First>Gregory</First>
    <Suffix>III</Suffix>
    <FilingType>X</FilingType>
    <StateDst>NJ07</StateDst>
    <Year>2025</Year>
    <FilingDate>3/19/2025</FilingDate>
    <DocID>30022509</DocID>
  </Member>
  <Member>
    <Prefix>Hon.</Prefix>
    <Last>Wagner</Last>
    <First>Ann</First>
    <Suffix />
    <FilingType>P</FilingType>
    <StateDst>MO02</StateDst>
    <Year>2025</Year>
    <FilingDate>2/14/2025</FilingDate>
    <DocID>8220765</DocID>
  </Member>
  <Member>
    <Prefix>Hon.</Prefix>
    <Last>Wagner</Last>
    <First>Ann</First>
    <Suffix />
    <FilingType>P</FilingType>
    <StateDst>MO02</StateDst>
    <Year>2025</Year>
    <FilingDate>4/16/2025</FilingDate>
    <DocID>8220836</DocID>
  </Member>
  <Member>
    <Prefix>Hon.</Prefix>
    <Last>Waltz</Last>
    <First>Michael</First>
    <Suffix />
    <FilingType>P</FilingType>
    <StateDst>FL06</StateDst>
    <Year>2025</Year>
    <FilingDate>1/23/2025</FilingDate>
    <DocID>20026639</DocID>
  </Member>
  <Member>
    <Prefix />
    <Last>Washington Soviegn</Last>
    <First>Emelia Rosie</First>
    <Suffix />
    <FilingType>C</FilingType>
    <StateDst>IL07</StateDst>
    <Year>2025</Year>
    <FilingDate>2/17/2025</FilingDate>
    <DocID>10063297</DocID>
  </Member>
  <Member>
    <Prefix>Hon.</Prefix>
    <Last>Wasserman Schultz</Last>
    <First>Debbie</First>
    <Suffix />
    <FilingType>P</FilingType>
    <StateDst>FL25</StateDst>
    <Year>2025</Year>
    <FilingDate>3/6/2025</FilingDate>
    <DocID>20027912</DocID>
  </Member>
  <Member>
    <Prefix>Mr.</Prefix>
    <Last>Weland</Last>
    <First>Jason Patrick</First>
    <Suffix />
    <FilingType>W</FilingType>
    <StateDst>CA05</StateDst>
    <Year>2025</Year>
    <FilingDate>3/3/2025</FilingDate>
    <DocID>8002</DocID>
  </Member>
  <Member>
    <Prefix>Hon.</Prefix>
    <Last>Wenstrup</Last>
    <First>Brad R.</First>
    <Suffix />
    <FilingType>T</FilingType>
    <StateDst>OH02</StateDst>
    <Year>2025</Year>
    <FilingDate>3/4/2025</FilingDate>
    <DocID>10063304</DocID>
  </Member>
  <Member>
    <Prefix>Hon.</Prefix>
    <Last>Wenstrup</Last>
    <First>Brad R.</First>
    <Suffix />
    <FilingType>X</FilingType>
    <StateDst>OH02</StateDst>
    <Year>2025</Year>
    <FilingDate>1/30/2025</FilingDate>
    <DocID>30022488</DocID>
  </Member>
  <Member>
    <Prefix>Hon.</Prefix>
    <Last>Westerman</Last>
    <First>Bruce</First>
    <Suffix />
    <FilingType>P</FilingType>
    <StateDst>AR04</StateDst>
    <Year>2025</Year>
    <FilingDate>4/16/2025</FilingDate>
    <DocID>20030146</DocID>
  </Member>
  <Member>
    <Prefix>Hon.</Prefix>
    <Last>Wexton</Last>
    <First>Jennifer</First>
    <Suffix />
    <FilingType>X</FilingType>
    <StateDst>VA10</StateDst>
    <Year>2025</Year>
    <FilingDate>1/22/2025</FilingDate>
    <DocID>30022478</DocID>
  </Member>
  <Member>
    <Prefix />
    <Last>Wied</Last>
    <First>Tony</First>
    <Suffix />
    <FilingType>P</FilingType>
    <StateDst>WI08</StateDst>
    <Year>2025</Year>
    <FilingDate>2/10/2025</FilingDate>
    <DocID>8220757</DocID>
  </Member>
  <Member>
    <Prefix />
    <Last>Wied</Last>
    <First>Tony</First>
    <Suffix />
    <FilingType>P</FilingType>
    <StateDst>WI08</StateDst>
    <Year>2025</Year>
    <FilingDate>3/14/2025</FilingDate>
    <DocID>8220799</DocID>
  </Member>
  <Member>
    <Prefix />
    <Last>Wied</Last>
    <First>Tony</First>
    <Suffix />
    <FilingType>P</FilingType>
    <StateDst>WI08</StateDst>
    <Year>2025</Year>
    <FilingDate>4/4/2025</FilingDate>
    <DocID>8220824</DocID>
  </Member>
  <Member>
    <Prefix>Hon.</Prefix>
    <Last>Wild</Last>
    <First>Susan</First>
    <Suffix />
    <FilingType>X</FilingType>
    <StateDst>PA07</StateDst>
    <Year>2025</Year>
    <FilingDate>1/15/2025</FilingDate>
    <DocID>30022473</DocID>
  </Member>
  <Member>
    <Prefix>Hon.</Prefix>
    <Last>Williams</Last>
    <First>Brandon McDonald</First>
    <Suffix />
    <FilingType>X</FilingType>
    <StateDst>NY22</StateDst>
    <Year>2025</Year>
    <FilingDate>1/24/2025</FilingDate>
    <DocID>30022483</DocID>
  </Member>
  <Member>
    <Prefix />
    <Last>Williams</Last>
    <First>John-Samuel Etheridge</First>
    <Suffix />
    <FilingType>C</FilingType>
    <StateDst>CA51</StateDst>
    <Year>2025</Year>
    <FilingDate>1/31/2025</FilingDate>
    <DocID>10063319</DocID>
  </Member>
  <Member>
    <Prefix>Hon.</Prefix>
    <Last>Williams</Last>
    <First>Roger</First>
    <Suffix />
    <FilingType>P</FilingType>
    <StateDst>TX25</StateDst>
    <Year>2025</Year>
    <FilingDate>3/1/2025</FilingDate>
    <DocID>20027867</DocID>
  </Member>
  <Member>
    <Prefix>Hon.</Prefix>
    <Last>Yakym</Last>
    <First>Rudy C.</First>
    <Suffix>III</Suffix>
    <FilingType>P</FilingType>
    <StateDst>IN02</StateDst>
    <Year>2025</Year>
    <FilingDate>1/28/2025</FilingDate>
    <DocID>20026666</DocID>
  </Member>
</FinancialDisclosure>